-- seed.sql
-- Seed data for school_db
USE school_db;
-- PROGRAMS (3)
INSERT INTO program (program_name, department, duration_years, degree_type)
VALUES
('Data Science', 'Computer Science', 2, 'Master'),
('Artificial Intelligence', 'Computer Science', 2, 'Master'),
('Computer Science', 'Computer Science', 4, 'Bachelor');

-- INSTRUCTORS (11)
INSERT INTO instructor (full_name, email, specialization, office_location)
VALUES
('Dr. Alice Nguyen', 'alice.nguyen@example.edu', 'Machine Learning', 'A201'),
('Dr. Bob Smith', 'bob.smith@example.edu', 'Data Engineering', 'A202'),
('Dr. Carol Lee', 'carol.lee@example.edu', 'Computer Vision', 'A203'),
('Dr. Daniel Kim', 'daniel.kim@example.edu', 'Natural Language Processing', 'A204'),
('Dr. Eva Martinez', 'eva.martinez@example.edu', 'Algorithms', 'A205'),
('Dr. Faisal Khan', 'faisal.khan@example.edu', 'Databases', 'A206'),
('Dr. Grace Park', 'grace.park@example.edu', 'Robotics', 'A207'),
('Dr. Hector Alvarez', 'hector.alvarez@example.edu', 'Cloud Computing', 'A208'),
('Dr. Irene Chen', 'irene.chen@example.edu', 'Software Engineering', 'A209'),
('Dr. Jason Wright', 'jason.wright@example.edu', 'Cybersecurity', 'A210'),
('Dr. Karen Ochoa', 'karen.ochoa@example.edu', 'Reinforcement Learning', 'A211');

-- COURSES (18)
INSERT INTO course (course_name, credit_hours, semester_offered, program_id, instructor_id)
VALUES
('Intro to Data Science', 3, 'Spring', 1, 2),
('Applied Machine Learning', 3, 'Fall', 1, 1),
('Data Visualization', 3, 'Summer', 1, 2),
('Capstone Project', 3, 'Fall', 1, 1),
('Cloud Platforms', 3, 'Summer', 1, 8),
('Big Data Processing', 3, 'Fall', 1, 2),
('Foundations of AI', 3, 'Spring', 2, 4),
('Deep Learning', 3, 'Fall', 2, 3),
('NLP Techniques', 3, 'Summer', 2, 4),
('Advanced Reinforcement Learning', 3, 'Spring', 2, 11),
('AI Ethics', 2, 'Fall', 2, 11),
('Intro to Programming', 4, 'Spring', 3, 9),
('Algorithms and Data Structures', 3, 'Fall', 3, 5),
('Operating Systems', 3, 'Spring', 3, 10),
('Databases', 3, 'Summer', 3, 6),
('Computer Networks', 3, 'Fall', 3, 10),
('Robotics I', 3, 'Spring', 3, 7),
('Software Engineering Practices', 3, 'Summer', 3, 9);

-- STUDENTS (30)
INSERT INTO student (full_name, date_of_birth, gender, email, phone_number, address, program_id, enrollment_year)
VALUES
('Nguyen Van A', '2002-05-10', 'Male', 's1@example.edu', '0810000001', 'Address 1', 1, 2023),
('Tran Thi B', '2003-07-21', 'Female', 's2@example.edu', '0810000002', 'Address 2', 2, 2023),
('Le Van C', '2003-01-15', 'Male', 's3@example.edu', '0810000003', 'Address 3', 3, 2024),
('Pham Thi D', '2004-03-30', 'Female', 's4@example.edu', '0810000004', 'Address 4', 1, 2024),
('Hoang Van E', '2002-11-02', 'Male', 's5@example.edu', '0810000005', 'Address 5', 2, 2025),
('Bui Thi F', '2001-12-12', 'Female', 's6@example.edu', '0810000006', 'Address 6', 3, 2023),
('Vu Van G', '2003-09-09', 'Male', 's7@example.edu', '0810000007', 'Address 7', 1, 2025),
('Do Thi H', '2004-02-02', 'Female', 's8@example.edu', '0810000008', 'Address 8', 2, 2024),
('Ngo Van I', '2003-08-08', 'Male', 's9@example.edu', '0810000009', 'Address 9', 3, 2023),
('Ly Thi J', '2004-04-04', 'Female', 's10@example.edu', '0810000010', 'Address 10', 1, 2025),
('Tran Van K', '2002-06-06', 'Male', 's11@example.edu', '0810000011', 'Address 11', 3, 2024),
('Pham Van L', '2003-10-10', 'Male', 's12@example.edu', '0810000012', 'Address 12', 2, 2023),
('Le Thi M', '2004-01-20', 'Female', 's13@example.edu', '0810000013', 'Address 13', 1, 2024),
('Nguyen Thi N', '2003-05-05', 'Female', 's14@example.edu', '0810000014', 'Address 14', 3, 2025),
('Ho Van O', '2002-09-17', 'Male', 's15@example.edu', '0810000015', 'Address 15', 2, 2023),
('Bach Thi P', '2003-11-11', 'Female', 's16@example.edu', '0810000016', 'Address 16', 1, 2024),
('Do Van Q', '2004-06-06', 'Male', 's17@example.edu', '0810000017', 'Address 17', 3, 2023),
('Pham Thi R', '2002-08-08', 'Female', 's18@example.edu', '0810000018', 'Address 18', 2, 2025),
('Le Van S', '2001-07-07', 'Male', 's19@example.edu', '0810000019', 'Address 19', 3, 2024),
('Nguyen Van T', '2003-03-03', 'Male', 's20@example.edu', '0810000020', 'Address 20', 1, 2023),
('Tran Thi U', '2004-09-09', 'Female', 's21@example.edu', '0810000021', 'Address 21', 2, 2024),
('Ho Van V', '2002-02-02', 'Male', 's22@example.edu', '0810000022', 'Address 22', 3, 2025),
('Bui Thi W', '2003-12-12', 'Female', 's23@example.edu', '0810000023', 'Address 23', 1, 2023),
('Vu Van X', '2004-10-10', 'Male', 's24@example.edu', '0810000024', 'Address 24', 2, 2024),
('Do Thi Y', '2003-02-14', 'Female', 's25@example.edu', '0810000025', 'Address 25', 3, 2023),
('Ngo Van Z', '2002-12-30', 'Male', 's26@example.edu', '0810000026', 'Address 26', 1, 2025),
('Ly Van AA', '2003-04-14', 'Male', 's27@example.edu', '0810000027', 'Address 27', 2, 2024),
('Pham Thi BB', '2004-11-11', 'Female', 's28@example.edu', '0810000028', 'Address 28', 3, 2023),
('Le Van CC', '2001-01-01', 'Male', 's29@example.edu', '0810000029', 'Address 29', 1, 2023),
('Nguyen Thi DD', '2002-07-07', 'Female', 's30@example.edu', '0810000030', 'Address 30', 2, 2025);

-- ADVISOR ASSIGNMENTS (20)
INSERT INTO advisor_assignment (instructor_id, student_id, assigned_date)
VALUES
(1, 1, '2023-09-01'),
(2, 2, '2023-09-01'),
(3, 3, '2024-09-01'),
(4, 4, '2024-09-01'),
(1, 5, '2025-09-01'),
(2, 6, '2023-09-10'),
(3, 7, '2025-09-10'),
(4, 8, '2024-09-10'),
(5, 9, '2023-09-15'),
(6, 10, '2025-09-15'),
(7, 11, '2024-09-20'),
(8, 12, '2023-09-20'),
(9, 13, '2024-09-21'),
(10, 14, '2025-09-21'),
(11, 15, '2023-09-22'),
(1, 16, '2024-09-23'),
(2, 17, '2023-09-24'),
(3, 18, '2025-09-24'),
(4, 19, '2024-09-25'),
(5, 20, '2023-09-25');

-- TUITION FEES (31)
INSERT INTO tuition_fee (student_id, academic_year, semester, total_amount, amount_paid, payment_status)
VALUES
(1, 2025, 'Spring', 1500.00, 1500.00, 'Fully Paid'),
(1, 2025, 'Fall', 1500.00, 100.00, 'Partially Paid'),
(2, 2025, 'Spring', 1400.00, 0.00, 'Unpaid'),
(3, 2025, 'Summer', 1200.00, 200.00, 'Partially Paid'),
(4, 2025, 'Fall', 1500.00, 300.00, 'Partially Paid'),
(5, 2025, 'Fall', 1600.00, 200.00, 'Partially Paid'),
(6, 2025, 'Spring', 1500.00, 0.00, 'Unpaid'),
(7, 2025, 'Fall', 1600.00, 1600.00, 'Fully Paid'),
(8, 2025, 'Summer', 1200.00, 600.00, 'Partially Paid'),
(9, 2025, 'Spring', 1500.00, 400.00, 'Partially Paid'),
(10, 2025, 'Fall', 1600.00, 0.00, 'Unpaid'),
(11, 2025, 'Summer', 1200.00, 0.00, 'Unpaid'),
(12, 2025, 'Spring', 1400.00, 700.00, 'Partially Paid'),
(13, 2026, 'Spring', 1500.00, 0.00, 'Unpaid'),
(14, 2025, 'Fall', 1600.00, 100.00, 'Partially Paid'),
(15, 2025, 'Spring', 1400.00, 0.00, 'Unpaid'),
(16, 2025, 'Summer', 1200.00, 1200.00, 'Fully Paid'),
(17, 2025, 'Fall', 1500.00, 0.00, 'Unpaid'),
(18, 2025, 'Fall', 1600.00, 400.00, 'Partially Paid'),
(19, 2025, 'Spring', 1500.00, 500.00, 'Partially Paid'),
(20, 2026, 'Spring', 1500.00, 0.00, 'Unpaid'),
(21, 2025, 'Summer', 1200.00, 600.00, 'Partially Paid'),
(22, 2025, 'Fall', 1600.00, 600.00, 'Partially Paid'),
(23, 2025, 'Spring', 1500.00, 0.00, 'Unpaid'),
(24, 2025, 'Summer', 1200.00, 120.00, 'Partially Paid'),
(25, 2025, 'Spring', 1500.00, 50.00, 'Partially Paid'),
(26, 2025, 'Fall', 1600.00, 800.00, 'Partially Paid'),
(27, 2026, 'Fall', 1600.00, 0.00, 'Unpaid'),
(28, 2025, 'Summer', 1200.00, 1200.00, 'Fully Paid'),
(29, 2025, 'Spring', 1500.00, 0.00, 'Unpaid'),
(30, 2025, 'Fall', 1500.00, 0.00, 'Unpaid');

-- PAYMENTS (50)
INSERT INTO payment (fee_id, payment_date, amount, payment_method, transaction_code, collected_by)
VALUES
(2, '2025-02-20', 300.00, 'Card', 'TXN1001', 'Cashier A'),
(2, '2025-09-10', 200.00, 'Bank Transfer', 'TXN1002', 'Cashier B'),
(2, '2025-10-05', 300.00, 'Card', 'TXN1003', 'Cashier B'),
(3, '2025-03-05', 200.00, 'Cash', 'TXN1004', 'Cashier C'),
(4, '2025-06-20', 500.00, 'Card', 'TXN1005', 'Cashier A'),
(5, '2025-09-02', 600.00, 'Bank Transfer', 'TXN1006', 'Cashier A'),
(5, '2025-09-25', 100.00, 'Card', 'TXN1007', 'Cashier B'),
(6, '2025-03-12', 500.00, 'Cash', 'TXN1008', 'Cashier C'),
(7, '2025-07-05', 200.00, 'Card', 'TXN1009', 'Cashier A'),
(7, '2025-07-20', 300.00, 'Bank Transfer', 'TXN1010', 'Cashier B'),
(7, '2025-07-01', 100.00, 'Card', 'TXN1011', 'Cashier A'),
(9, '2025-07-10', 600.00, 'Cash', 'TXN1012', 'Cashier B'),
(9, '2025-02-25', 300.00, 'Card', 'TXN1013', 'Cashier C'),
(10, '2025-07-02', 600.00, 'Bank Transfer', 'TXN1014', 'Cashier A'),
(11, '2025-03-12', 1000.00, 'Card', 'TXN1015', 'Cashier B'),
(12, '2025-03-12', 700.00, 'Card', 'TXN1016', 'Cashier C'),
(12, '2025-03-20', 500.00, 'Bank Transfer', 'TXN1017', 'Cashier A'),
(13, '2026-04-01', 500.00, 'Card', 'TXN1018', 'Cashier D'),
(14, '2025-09-02', 600.00, 'Cash', 'TXN1019', 'Cashier A'),
(15, '2025-02-28', 400.00, 'Card', 'TXN1020', 'Cashier B'),
(16, '2025-06-15', 200.00, 'Bank Transfer', 'TXN1021', 'Cashier C'),
(16, '2025-07-05', 100.00, 'Card', 'TXN1022', 'Cashier A'),
(18, '2025-09-20', 600.00, 'Cash', 'TXN1023', 'Cashier D'),
(18, '2025-10-05', 1000.00, 'Bank Transfer', 'TXN1024', 'Cashier B'),
(19, '2025-03-01', 1100.00, 'Card', 'TXN1025', 'Cashier C'),
(20, '2026-02-15', 200.00, 'Bank Transfer', 'TXN1026', 'Cashier A'),
(21, '2025-07-10', 1000.00, 'Card', 'TXN1027', 'Cashier B'),
(21, '2025-07-20', 600.00, 'Cash', 'TXN1028', 'Cashier C'),
(22, '2025-09-08', 1600.00, 'Bank Transfer', 'TXN1029', 'Cashier A'),
(23, '2025-03-01', 1200.00, 'Card', 'TXN1030', 'Cashier B'),
(23, '2025-03-10', 400.00, 'Cash', 'TXN1031', 'Cashier C'),
(24, '2025-06-15', 1200.00, 'Bank Transfer', 'TXN1032', 'Cashier D'),
(25, '2025-07-05', 500.00, 'Card', 'TXN1033', 'Cashier A'),
(26, '2025-02-10', 600.00, 'Bank Transfer', 'TXN1034', 'Cashier B'),
(26, '2025-03-05', 800.00, 'Card', 'TXN1035', 'Cashier C'),
(27, '2025-09-15', 600.00, 'Cash', 'TXN1036', 'Cashier D'),
(28, '2025-07-10', 200.00, 'Card', 'TXN1037', 'Cashier A'),
(28, '2025-03-02', 100.00, 'Bank Transfer', 'TXN1038', 'Cashier B'),
(30, '2025-09-01', 1000.00, 'Card', 'TXN1039', 'Cashier C'),
(30, '2025-09-01', 200.00, 'Bank Transfer', 'TXN1040', 'Cashier D'),
(2, '2025-12-01', 200.00, 'Card', 'TXN1041', 'Cashier A'),
(3, '2025-07-15', 300.00, 'Cash', 'TXN1042', 'Cashier B'),
(4, '2025-10-01', 500.00, 'Card', 'TXN1043', 'Cashier C'),
(5, '2025-10-10', 200.00, 'Bank Transfer', 'TXN1044', 'Cashier D'),
(6, '2025-11-01', 200.00, 'Card', 'TXN1045', 'Cashier A'),
(7, '2025-11-05', 200.00, 'Cash', 'TXN1046', 'Cashier B'),
(9, '2025-11-10', 100.00, 'Card', 'TXN1047', 'Cashier C'),
(9, '2025-11-15', 500.00, 'Bank Transfer', 'TXN1048', 'Cashier D'),
(10, '2026-01-05', 700.00, 'Card', 'TXN1049', 'Cashier A'),
(7, '2025-11-05', 300.00, 'Card', 'TXN1050', 'Cashier B');

-- ENROLLMENTS (73)
INSERT INTO enrollment (student_id, course_id, semester, academic_year, grade, status)
VALUES
-- Students with enrollment_year = 2023
(1, 1, 'Fall', 2023, 9.75, 'Completed'),
(1, 3, 'Spring', 2024, 8.25, 'Completed'),
(1, 12, 'Fall', 2025, NULL, 'Enrolled'),
(2, 7, 'Spring', 2024, 9.25, 'Completed'),
(2, 8, 'Fall', 2024, 7.5, 'Completed'),
(2, 11, 'Spring', 2025, NULL, 'Withdrawn'),
(6, 12, 'Spring', 2023, 8.25, 'Completed'),
(6, 14, 'Fall', 2024, 9.5, 'Completed'),
(6, 15, 'Summer', 2025, NULL, 'Enrolled'),
(9, 13, 'Fall', 2024, 10.0, 'Completed'),
(9, 15, 'Summer', 2025, NULL, 'Withdrawn'),
(9, 16, 'Fall', 2025, NULL, 'Enrolled'),
(12, 7, 'Spring', 2023, 5.75, 'Completed'),
(12, 10, 'Fall', 2024, 6.75, 'Completed'),
(12, 11, 'Fall', 2025, NULL, 'Enrolled'),
(15, 7, 'Spring', 2023, 9.75, 'Completed'),
(15, 8, 'Fall', 2023, 9.25, 'Completed'),
(15, 11, 'Spring', 2024, 8.25, 'Completed'),
(17, 12, 'Fall', 2024, 7.5, 'Completed'),
(17, 13, 'Spring', 2025, NULL, 'Withdrawn'),
(20, 1, 'Spring', 2023, 5.0, 'Completed'),
(20, 3, 'Summer', 2023, 8.25, 'Completed'),
(20, 4, 'Fall', 2025, NULL, 'Enrolled'),
(23, 12, 'Fall', 2023, 9.25, 'Completed'),
(23, 13, 'Summer', 2024, 8.25, 'Completed'),
(23, 16, 'Fall', 2025, NULL, 'Enrolled'),
(25, 15, 'Summer', 2024, 5.75, 'Completed'),
(25, 16, 'Fall', 2024, 6.75, 'Completed'),
(29, 1, 'Spring', 2024, 10.0, 'Completed'),
(29, 3, 'Fall', 2024, 9.25, 'Completed'),
(29, 12, 'Spring', 2025, NULL, 'Withdrawn'),
-- Students with enrollment_year = 2024
(3, 14, 'Spring', 2024, 8.25, 'Completed'),
(3, 15, 'Fall', 2024, 9.75, 'Completed'),
(3, 16, 'Spring', 2025, NULL, 'Enrolled'),
(4, 1, 'Spring', 2024, 9.25, 'Completed'),
(4, 3, 'Summer', 2024, 7.5, 'Completed'),
(4, 4, 'Fall', 2025, NULL, 'Enrolled'),
(8, 7, 'Spring', 2024, 5.75, 'Completed'),
(8, 10, 'Summer', 2024, 6.75, 'Completed'),
(8, 11, 'Fall', 2025, NULL, 'Withdrawn'),
(11, 12, 'Spring', 2024, 9.75, 'Completed'),
(11, 13, 'Fall', 2024, 9.25, 'Completed'),
(11, 14, 'Spring', 2025, NULL, 'Enrolled'),
(13, 1, 'Spring', 2024, 8.25, 'Completed'),
(13, 4, 'Summer', 2024, 9.25, 'Completed'),
(13, 5, 'Fall', 2025, NULL, 'Enrolled'),
(16, 12, 'Spring', 2024, 7.5, 'Completed'),
(16, 14, 'Fall', 2024, 8.25, 'Completed'),
(16, 17, 'Spring', 2025, NULL, 'Withdrawn'),
(19, 13, 'Fall', 2024, 9.0, 'Completed'),
(19, 15, 'Spring', 2025, NULL, 'Enrolled'),
(21, 10, 'Spring', 2024, 5.0, 'Completed'),
(21, 11, 'Fall', 2024, 5.75, 'Completed'),
(24, 3, 'Summer', 2024, 8.25, 'Completed'),
(24, 5, 'Fall', 2024, 6.75, 'Completed'),
(27, 12, 'Spring', 2024, 9.25, 'Completed'),
(27, 15, 'Summer', 2024, 8.25, 'Completed'),
-- Students with enrollment_year = 2025 (Fall 2025 onward ONLY)
(5, 8, 'Fall', 2025, NULL, 'Enrolled'),
(5, 11, 'Fall', 2025, NULL, 'Enrolled'),
(7, 4, 'Fall', 2025, NULL, 'Withdrawn'),
(7, 6, 'Fall', 2025, NULL, 'Enrolled'),
(10, 2, 'Fall', 2025, NULL, 'Enrolled'),
(10, 4, 'Spring', 2026, NULL, 'Enrolled'),
(14, 8, 'Fall', 2025, NULL, 'Enrolled'),
(14, 11, 'Spring', 2026, NULL, 'Withdrawn'),
(18, 8, 'Fall', 2025, NULL, 'Enrolled'),
(18, 10, 'Summer', 2026, NULL, 'Enrolled'),
(22, 16, 'Fall', 2025, NULL, 'Enrolled'),
(22, 17, 'Spring', 2026, NULL, 'Enrolled'),
(26, 6, 'Fall', 2025, NULL, 'Enrolled'),
(26, 4, 'Spring', 2026, NULL, 'Withdrawn'),
(30, 11, 'Fall', 2025, NULL, 'Enrolled'),
(30, 8, 'Spring', 2026, NULL, 'Enrolled');
